size_mm,long_mm,short_mm,carat_cz,grams_per_stone
5x3,5.00,3.00,0.500000,0.100000
6x4,6.00,4.00,1.130000,0.226000
6.5x4.5,6.50,4.50,1.490000,0.298000
7x5,7.00,5.00,1.810000,0.362000
8x6,8.00,6.00,2.950000,0.590000
8.5x6.5,8.50,6.50,3.690000,0.738000
9x7,9.00,7.00,4.460000,0.892000
9.5x7.5,9.50,7.50,5.460000,1.092000
10x8,10.00,8.00,6.440000,1.288000
12x8,12.00,8.00,8.130000,1.626000
11x9,11.00,9.00,8.850000,1.770000
13x9,13.00,9.00,10.840000,2.168000
12x10,12.00,10.00,11.820000,2.364000
14x10,14.00,10.00,14.420000,2.884000
13x11,13.00,11.00,15.520000,3.104000
14x12,14.00,12.00,19.150000,3.830000
15x11,15.00,11.00,19.510000,3.902000
16x12,16.00,12.00,24.180000,4.836000
18x13,18.00,13.00,32.860000,6.572000
20x15,20.00,15.00,44.030000,8.806000
