size_mm,carat_cz,grams_per_stone
0.80,0.003217,0.000643
0.90,0.004650,0.000930
1.00,0.008700,0.001740
1.10,0.011300,0.002260
1.20,0.011441,0.002288
1.25,0.013000,0.002600
1.5,0.023000,0.004600
1.75,0.037000,0.007400
2,0.060000,0.012000
2.25,0.080000,0.016000
2.5,0.100000,0.020000
2.75,0.150000,0.030000
3,0.180000,0.036000
3.25,0.240000,0.048000
3.5,0.290000,0.058000
3.75,0.360000,0.072000
4,0.430000,0.086000
4.25,0.480000,0.096000
4.5,0.610000,0.122000
4.75,0.740000,0.148000
5,0.790000,0.158000
5.25,0.950000,0.190000
5.5,1.130000,0.226000
5.75,1.300000,0.260000
6,1.430000,0.286000
6.25,1.580000,0.316000
6.5,1.750000,0.350000
6.75,2.110000,0.422000
7,2.170000,0.434000
7.5,2.840000,0.568000
7.75,2.970000,0.594000
8,3.460000,0.692000
8.25,3.580000,0.716000
8.5,4.130000,0.826000
8.75,4.340000,0.868000
9,4.680000,0.936000
9.25,5.180000,1.036000
9.5,5.690000,1.138000
9.75,6.130000,1.226000
10,6.580000,1.316000
10.25,7.080000,1.416000
10.5,7.500000,1.500000
10.75,7.550000,1.510000
11,8.350000,1.670000
11.25,9.340000,1.868000
11.5,9.940000,1.988000
12,11.620000,2.324000
12.25,12.340000,2.468000
12.5,12.520000,2.504000
12.75,12.780000,2.556000
13,14.470000,2.894000
13.5,16.200000,3.240000
14,17.840000,3.568000
15,21.920000,4.384000
16,27.250000,5.450000
17,33.550000,6.710000
18,38.600000,7.720000
19,41.780000,8.356000
20,50.220000,10.044000
22,67.430000,13.486000
25,99.180000,19.836000
30,181.770000,36.354000
40,374.150000,74.830000
