size_mm,carat_avg,carat_min,carat_max
1.00,0.005,0.004,0.006
1.25,0.010,0.008,0.012
1.50,0.015,0.013,0.017
1.75,0.022,0.019,0.025
2.00,0.030,0.028,0.035
2.25,0.045,0.040,0.050
2.50,0.060,0.055,0.070
2.75,0.080,0.075,0.090
3.00,0.100,0.095,0.110
3.25,0.140,0.130,0.150
3.50,0.165,0.155,0.175
3.75,0.200,0.190,0.220
4.00,0.250,0.235,0.265
4.25,0.300,0.285,0.320
4.50,0.360,0.340,0.380
4.75,0.430,0.410,0.460
5.00,0.500,0.475,0.530
5.25,0.580,0.550,0.620
5.50,0.660,0.625,0.700
5.75,0.750,0.710,0.800
6.00,0.840,0.800,0.900
6.25,0.920,0.870,0.980
6.50,1.000,0.950,1.060
6.75,1.140,1.080,1.210
7.00,1.250,1.180,1.330
7.50,1.500,1.420,1.600
8.00,2.000,1.900,2.150
8.50,2.350,2.230,2.500
9.00,2.750,2.610,2.920
9.50,3.100,2.950,3.300
10.0,3.350,3.180,3.560
